{"cameraMode":{"drawMode":0,"name":"Shaded","section":"Shading Mode"},"sceneLighting":true,"audioPlay":false,"sceneViewState":{"m_AlwaysRefresh":false,"showFog":true,"showSkybox":true,"showFlares":true,"showImageEffects":true,"showParticleSystems":true,"showVisualEffectGraphs":true,"m_FxEnabled":true},"in2DMode":false,"pivot":{"x":1.0881942510604859,"y":0.8418116569519043,"z":-1.2684681415557862},"rotation":{"x":-0.12060382217168808,"y":0.6904252767562866,"z":-0.11838086694478989,"w":-0.7033904194831848},"size":2.836548089981079,"orthographic":false}